,id,posterior,sequence
19,19,0.694075,LCAEFKR----SP-TYNPWTDRTLAPGSPIHNLISGMCGG
20,20,0.6333,LCAEFKR----NP-TVNPFTDRPLKPGSPIHNLLHRMCGG
21,21,0.63665,LCTEFHR----NP-TVNPFTGRPLKPGSPIHNMLHRMCGG
22,22,0.652525,RCTEFEK----NP-TVNPFTGRPIKPGSPIYNMLHRMCNG
23,23,0.6516750000000001,KCKEFEK----NP-TVNPFTGRPIKPGSPIYNTLERMCSG
24,24,0.6507000000000001,KCNEFEK----NP-TVNPFTGRPIKPGGPIYNTLERMCSG
25,25,0.7254750000000001,RCDEFER----NP-TVNPLTGRTIKKGGPTYKKLERECSD
26,26,0.8579749999999997,YCDEFER----NP-TRNPRTGRTIKRGGPVYRALERECSD
27,27,0.8475250000000003,YCDEFAR----DP-TRNPRTGRTIKRGGPTYRALEAECAD
28,28,0.617875,TCEEFCR----DP-TRNPVTGQTMRRNGPTYQALAEECDG
29,29,0.725475,RCDEFER----NP-TVNPLTGRTIKKGGPTYKKLERECS-
30,30,0.7221500000000001,KCDEWEK----NP-TVNPLTGRKIKKGGPTYKKLERECS-
31,31,0.7172499999999998,KCDEWEK----NP-TVNPLTGRKIKKGGPTYKKLERECG-
32,32,0.7230999999999999,KCDEWEKIRKNSP-PKNPLTGRKIKKDGPTYKKIERECAN
33,33,0.7489250000000001,KCSKWKE----NP-LVNPLTGRKIKKNGPTYKKLERECG-
34,34,0.6116500000000002,KCNEFEE----NP-TVNPLTGRPISPGGPIANTLRRMCTN
